,ID,Tag,Count,Percentage
0,83,ADJ,319,0.03627473277234478
1,84,ADP,577,0.0656129178985672
2,85,ADV,534,0.060723220377530134
3,88,CCONJ,312,0.03547873550147828
4,89,DET,709,0.08062315214919263
5,90,INTJ,694,0.07891744371162156
6,91,NOUN,829,0.0942688196497612
7,92,NUM,24,0.002729133500113714
8,93,PART,124,0.014100523083920855
9,94,PRON,1476,0.1678417102569934
10,95,PROPN,1,0.00011371389583807141
11,96,PUNCT,1466,0.16670457129861269
12,99,VERB,1729,0.19661132590402547
