,ID,Tag,Count,Percentage
0,83,ADJ,112,0.056451612903225805
1,84,ADP,299,0.1507056451612903
2,85,ADV,195,0.09828629032258064
3,88,CCONJ,36,0.018145161290322582
4,89,DET,385,0.19405241935483872
5,90,INTJ,62,0.03125
6,91,NOUN,502,0.2530241935483871
7,92,NUM,19,0.009576612903225807
8,93,PART,34,0.017137096774193547
9,94,PRON,60,0.03024193548387097
10,96,PUNCT,47,0.023689516129032258
11,99,VERB,233,0.11743951612903226
