,ID,Tag,Count,Percentage
0,83,ADJ,21,0.0267515923566879
1,84,ADP,124,0.15796178343949044
2,85,ADV,101,0.1286624203821656
3,88,CCONJ,20,0.025477707006369428
4,89,DET,143,0.1821656050955414
5,90,INTJ,48,0.061146496815286625
6,91,NOUN,114,0.14522292993630573
7,92,NUM,6,0.007643312101910828
8,93,PART,24,0.030573248407643312
9,94,PRON,59,0.0751592356687898
10,96,PUNCT,5,0.006369426751592357
11,99,VERB,120,0.15286624203821655
