,ID,Tag,Count,Percentage
0,83,ADJ,193,0.02775780238745865
1,84,ADP,523,0.07521932978570402
2,85,ADV,461,0.06630231554724579
3,88,CCONJ,319,0.04587947648497052
4,89,DET,520,0.07478786135481087
5,90,INTJ,783,0.11261326046310945
6,91,NOUN,360,0.05177621170717676
7,92,NUM,20,0.0028764562059542644
8,93,PART,102,0.014669926650366748
9,94,PRON,1163,0.16726592837624046
10,96,PUNCT,1329,0.19114051488566086
11,99,VERB,1179,0.1695670933410039
12,100,X,1,0.00014382281029771322
