,ID,Tag,Count,Percentage
0,83,ADJ,47,0.04151943462897526
1,84,ADP,132,0.1166077738515901
2,85,ADV,140,0.12367491166077739
3,88,CCONJ,38,0.03356890459363958
4,89,DET,178,0.15724381625441697
5,90,INTJ,28,0.024734982332155476
6,91,NOUN,254,0.22438162544169613
7,92,NUM,2,0.0017667844522968198
8,93,PART,20,0.0176678445229682
9,94,PRON,90,0.07950530035335689
10,99,VERB,203,0.1793286219081272
